,Suburb,Latitude,Longitude,SSC_Code
0,"Abbotsbury, Sydney",-33.8692846,150.8667029,SSC10002
1,"Abbotsford, Sydney",-33.8505529,151.129759,SSC10003
2,"Acacia Gardens, Sydney",-33.7324595,150.9125321,SSC10014
3,"Agnes Banks, Sydney",-33.6145082,150.7114482,SSC10021
4,"Airds, Sydney",-34.09,150.8261111,SSC10022
5,"Alexandria, Sydney",-33.9091568,151.1921281,SSC10030
6,"Alfords Point, Sydney",-33.9839091,151.0241615,SSC10031
7,"Allambie Heights, Sydney",-33.7705067,151.249675,SSC10036
8,"Allawah, Sydney",-33.9696293,151.1142847,SSC10038
9,"Ambarvale, Sydney",-34.0844252,150.8017477,SSC10049
10,"Annandale, Sydney",-33.881224,151.1709976,SSC10061
11,"Annangrove, Sydney",-33.6574838,150.9460077,SSC10062
12,"Arcadia, Sydney",-33.6227289,151.0605602,SSC10072
13,"Arncliffe, Sydney",-33.938236,151.145508,SSC10086
14,"Arndell Park, Sydney",-33.79,150.8761111,SSC10087
15,"Artarmon, Sydney",-33.808955,151.1853088,SSC10090
16,"Ashbury, Sydney",-33.9001107,151.1180724,SSC10093
17,"Ashcroft, Sydney",-33.915,150.9011111,SSC10097
18,"Ashfield, Sydney",-33.8894781,151.1274125,SSC10098
19,"Asquith, Sydney",-33.6871935,151.1110257,SSC10103
20,"Auburn, Sydney",-33.8545702,151.0255673,SSC10106
21,"Austral, Sydney",-33.9282672,150.8082824,SSC10109
22,"Avalon Beach, Sydney",-33.6365039,151.3290299,SSC10111
23,"Badgerys Creek, Sydney",-33.9147851,150.7059611,SSC10132
24,"Balgowlah Heights, Sydney",-33.807495,151.2649923,SSC10154
25,"Balgowlah, Sydney",-33.7944424,151.2608261,SSC10153
26,"Balmain East, Sydney",-33.8571789,151.192354,SSC10165
27,"Balmain, Sydney",-33.8583992,151.1807353,SSC10164
28,"Bangor, Sydney",-34.0155034,151.0334872,SSC10177
29,"Banksia, Sydney",-33.9448646,151.1402066,SSC10178
30,"Banksmeadow, Sydney",-33.9542459,151.2157073,SSC10179
31,"Bankstown, Sydney",-33.9171897,151.0335881,SSC10180
32,"Barangaroo, Sydney",-33.8614084,151.2016877,SSC10191
33,"Barden Ridge, Sydney",-34.0311727,151.0105268,SSC10193
34,"Bardia, Sydney",-33.9763948,150.8604327,SSC10194
35,"Bardwell Park, Sydney",-33.9355556,151.1238889,SSC10195
36,"Bardwell Valley, Sydney",-33.937452,151.1304335,SSC10196
37,"Bass Hill, Sydney",-33.8986251,150.9974484,SSC10224
38,"Baulkham Hills, Sydney",-33.7611198,150.9914041,SSC10233
39,"Bayview, Sydney",-33.6576847,151.2866735,SSC10237
40,"Beacon Hill, Sydney",-33.751787,151.2600828,SSC10238
41,"Beaconsfield, Sydney",-33.9114691,151.200315,SSC10239
42,"Beaumont Hills, Sydney",-33.6997222,150.9405556,SSC10243
43,"Beecroft, Sydney",-33.7497631,151.0657475,SSC10249
44,"Belfield, Sydney",-33.9045165,151.0860013,SSC10257
45,"Bella Vista, Sydney",-33.7416936,150.9547183,SSC10263
46,"Bellevue Hill, Sydney",-33.8797123,151.2561988,SSC10271
47,"Belmore, Sydney",-33.9194073,151.0878936,SSC10279
48,"Belrose, Sydney",-33.730009,151.2191438,SSC10283
49,"Berala, Sydney",-33.8753943,151.0343253,SSC10299
50,"Berkshire Park, Sydney",-33.6816667,150.7844444,SSC10305
51,"Berowra Creek, Sydney",-33.7109343,151.0640894,SSC10309
52,"Berowra Heights, Sydney",-33.6095775,151.1373221,SSC10310
53,"Berowra Waters, Sydney",-33.5994177,151.1229517,SSC10311
54,"Berowra, Sydney",-33.6264261,151.1473881,SSC10308
55,"Berrilee, Sydney",-33.6127484,151.1055143,SSC10319
56,"Beverley Park, Sydney",-33.9787995,151.1316285,SSC10330
57,"Beverly Hills, Sydney",-33.9497444,151.0817342,SSC10331
58,"Bexley North, Sydney",-33.9425365,151.1152081,SSC10335
59,"Bexley, Sydney",-33.9523543,151.1181427,SSC10334
60,"Bidwill, Sydney",-33.7319476,150.823408,SSC10340
61,"Bilgola Beach, Sydney",-33.6443165,151.324484,SSC10350
62,"Bilgola Plateau, Sydney",-33.6438092,151.315858,SSC10351
63,"Birchgrove, Sydney",-33.8507685,151.1830352,SSC10374
64,"Birrong, Sydney",-33.8918622,151.0201957,SSC10379
65,"Blackett, Sydney",-33.7372232,150.815,SSC10392
66,"Blacktown, Sydney",-33.7739882,150.9036186,SSC10397
67,"Blair Athol, Sydney",-34.0627778,150.7997222,SSC10400
68,"Blairmount, Sydney",-34.0483333,150.7927778,SSC10401
69,"Blakehurst, Sydney",-33.9898519,151.1085596,SSC10403
70,"Bligh Park, Sydney",-33.6383333,150.7980556,SSC10411
71,"Bondi Beach, Sydney",-33.8906977,151.2724119,SSC10465
72,"Bondi Junction, Sydney",-33.8930034,151.2501228,SSC10467
73,"Bondi, Sydney",-33.8930556,151.2633333,SSC10464
74,"Bonnet Bay, Sydney",-34.0101087,151.053572,SSC10469
75,"Bonnyrigg Heights, Sydney",-33.8912101,150.8695795,SSC10472
76,"Bonnyrigg, Sydney",-33.8936698,150.888281,SSC10471
77,"Bossley Park, Sydney",-33.8622222,150.8844444,SSC10515
78,"Botany, Sydney",-33.947829,151.1990644,SSC10517
79,"Bow Bowing, Sydney",-34.0161463,150.8405606,SSC10526
80,"Box Hill, Sydney",-33.6425,150.8988889,SSC10539
81,"Bradbury, Sydney",-34.0816667,150.8177778,SSC10543
82,"Breakfast Point, Sydney",-33.8422769,151.1111054,SSC10557
83,"Brighton-le-Sands, Sydney",-33.9580947,151.1526052,SSC10569
84,"Bringelly, Sydney",-33.9393505,150.7309705,SSC10575
85,"Bronte, Sydney",-33.9042128,151.2637774,SSC10594
86,"Brooklyn, Sydney",-33.5469129,151.2265249,SSC10599
87,"Brookvale, Sydney",-33.7628854,151.2707024,SSC10601
88,"Bundeena, Sydney",-34.0845443,151.1512348,SSC10672
89,"Burraneer, Sydney",-34.0644603,151.1377905,SSC10705
90,"Burwood Heights, Sydney",-33.8894444,151.1038889,SSC10719
91,"Burwood, Sydney",-33.8784753,151.104049,SSC10718
92,"Busby, Sydney",-33.915,150.8844444,SSC10720
93,"Cabarita, Sydney",-33.8475029,151.1158878,SSC10736
94,"Cabramatta West, Sydney",-33.8916949,150.914639,SSC10741
95,"Cabramatta, Sydney",-33.8983188,150.9344502,SSC10740
96,"Caddens, Sydney",-33.773603,150.7288643,SSC10743
97,"Cambridge Gardens, Sydney",-33.7377967,150.7205556,SSC10767
98,"Cambridge Park, Sydney",-33.7501365,150.7269025,SSC10768
99,"Camden South, Sydney",-34.0829554,150.6966472,SSC10773
100,"Camden, Sydney",-34.0532323,150.6961705,SSC10770
101,"Camellia, Sydney",-33.8197799,151.0346488,SSC10774
102,"Cammeray, Sydney",-33.8222738,151.2139868,SSC10778
103,"Campbelltown, Sydney",-34.0636914,150.8206159,SSC10780
104,"Camperdown, Sydney",-33.8896116,151.1800986,SSC10781
105,"Campsie, Sydney",-33.9143894,151.1032133,SSC10782
106,"Canada Bay, Sydney",-33.8646692,151.1151554,SSC10785
107,"Canley Heights, Sydney",-33.8816667,150.9261111,SSC10791
108,"Canley Vale, Sydney",-33.8871356,150.9462342,SSC10792
109,"Canoelands, Sydney",-33.4990952,151.0807415,SSC10794
110,"Canterbury, Sydney",-33.9130231,151.1170149,SSC10797
111,"Caringbah South, Sydney",-34.0554491,151.1205937,SSC10816
112,"Carlingford, Sydney",-33.7744947,151.0475215,SSC10818
113,"Carlton, Sydney",-33.9707904,151.1213704,SSC10819
114,"Carnes Hill, Sydney",-33.9378294,150.8504602,SSC10820
115,"Carramar, Sydney",-33.8838889,150.9636111,SSC10826
116,"Carss Park, Sydney",-33.9869843,151.1169446,SSC10837
117,"Cartwright, Sydney",-33.9250864,150.8913549,SSC10838
118,"Castle Cove, Sydney",-33.7865285,151.2143187,SSC10845
119,"Castle Hill, Sydney",-33.7315318,151.0071718,SSC10847
120,"Castlecrag, Sydney",-33.8003455,151.2197795,SSC10849
121,"Castlereagh, Sydney",-33.6647962,150.6844521,SSC10850
122,"Casula, Sydney",-33.9522222,150.8952778,SSC10852
123,"Catherine Field, Sydney",-33.9926657,150.7650245,SSC10856
124,"Cattai, Sydney",-33.5482394,150.9164045,SSC10859
125,"Cawdor, Sydney",-34.0996474,150.6726512,SSC10863
126,"Cecil Hills, Sydney",-33.89,150.8511111,SSC10865
127,"Cecil Park, Sydney",-33.8922547,150.8135524,SSC10866
128,"Centennial Park, Sydney",-33.8977778,151.2338889,SSC10873
129,"Chatswood West, Sydney",-33.7960029,151.1597081,SSC10893
130,"Chatswood, Sydney",-33.7944797,151.1818571,SSC10892
131,"Cheltenham, Sydney",-33.7569444,151.0775,SSC10896
132,"Cherrybrook, Sydney",-33.7227778,151.0461111,SSC10898
133,"Chester Hill, Sydney",-33.8816667,151.0011111,SSC10899
134,"Chifley, Sydney",-33.9702813,151.2394867,SSC10901
135,"Chippendale, Sydney",-33.8863291,151.1998211,SSC10907
136,"Chipping Norton, Sydney",-33.919687,150.9630711,SSC10908
137,"Chiswick, Sydney",-33.8498337,151.1378781,SSC10910
138,"Chullora, Sydney",-33.8925,151.0477778,SSC10914
139,"Church Point, Sydney",-33.6500957,151.2853102,SSC10915
140,"Claremont Meadows, Sydney",-33.7691667,150.7483333,SSC10918
141,"Clarendon, Sydney",-33.6105511,150.7888909,SSC10921
142,"Clareville, Sydney",-33.6320071,151.3145323,SSC10923
143,"Claymore, Sydney",-34.0469444,150.81,SSC10924
144,"Clemton Park, Sydney",-33.9258322,151.1029075,SSC10928
145,"Clontarf, Sydney",-33.8072973,151.2540699,SSC10935
146,"Clovelly, Sydney",-33.9126387,151.2617904,SSC10938
147,"Clyde, Sydney",-33.833532,151.0218891,SSC10941
148,"Coasters Retreat, Sydney",-33.6048099,151.2988042,SSC10946
149,"Cobbitty, Sydney",-33.896256199999996,151.1007201558444,SSC10954
150,"Colebee, Sydney",-33.7270077,150.8521783,SSC10965
151,"Collaroy Plateau, Sydney",-33.7303841,151.2910394,SSC10971
152,"Collaroy, Sydney",-33.7382194,151.2996618,SSC10970
153,"Colyton, Sydney",-33.7822222,150.7958333,SSC10987
154,"Como, Sydney",-34.0032179,151.0631257,SSC10996
155,"Concord West, Sydney",-33.843168,151.0920563,SSC11000
156,"Concord, Sydney",-33.8556716,151.1067667,SSC10999
157,"Condell Park, Sydney",-33.9227852,151.0113144,SSC11001
158,"Connells Point, Sydney",-33.9869476,151.0942725,SSC11013
159,"Constitution Hill, Sydney",-33.7952082,150.9727813,SSC11014
160,"Coogee, Sydney",-33.9217004,151.2557975,SSC11015
161,"Cornwallis, Sydney",-33.59,150.8094444,SSC11078
162,"Cottage Point, Sydney",-33.6195161,151.203318,SSC11086
163,"Cowan, Sydney",-33.5888297,151.1698568,SSC11097
164,"Cranebrook, Sydney",-33.7048583,150.70641,SSC11105
165,"Cremorne Point, Sydney",-33.8409547,151.2279762,SSC11113
166,"Cremorne, Sydney",-33.8260081,151.2254326,SSC11112
167,"Cromer, Sydney",-33.7385227,151.2762995,SSC11118
168,"Cronulla, Sydney",-34.0575259,151.1523851,SSC11119
169,"Crows Nest, Sydney",-33.8255649,151.2036095,SSC11131
170,"Croydon Park, Sydney",-33.8975316,151.1024641,SSC11135
171,"Croydon, Sydney",-33.8777935,151.1156502,SSC11134
172,"Curl Curl, Sydney",-33.7698341,151.2898175,SSC11167
173,"Currans Hill, Sydney",-34.0463519,150.7712456,SSC11175
174,"Daceyville, Sydney",-33.9289328,151.2251839,SSC11185
175,"Dangar Island, Sydney",-33.5387077,151.239494,SSC11199
176,"Darling Point, Sydney",-33.8730723,151.2376378,SSC11211
177,"Darlinghurst, Sydney",-33.8783381,151.219225,SSC11212
178,"Darlington, Sydney",-33.890862,151.1932156,SSC11214
179,"Davidson, Sydney",-33.7398592,151.1942222,SSC11219
180,"Dawes Point, Sydney",-33.8572223,151.2067756,SSC11222
181,"Dean Park, Sydney",-33.7328296,150.852577,SSC11224
182,"Dee Why, Sydney",-33.7536635,151.2899954,SSC11227
183,"Denham Court, Sydney",-33.9813889,150.8294444,SSC11235
184,"Denistone East, Sydney",-33.7962842,151.0982887,SSC11239
185,"Denistone West, Sydney",-33.8005739,151.0767642,SSC11240
186,"Denistone, Sydney",-33.7989066,151.0887,SSC11238
187,"Dharruk, Sydney",-33.7480556,150.8147222,SSC11248
188,"Dolans Bay, Sydney",-34.0644424,151.1282277,SSC11266
189,"Dolls Point, Sydney",-33.9936111,151.1447222,SSC11267
190,"Doonside, Sydney",-33.7549501,150.8685985,SSC11275
191,"Double Bay, Sydney",-33.8766373,151.24245,SSC11281
192,"Dover Heights, Sydney",-33.8739831,151.2810366,SSC11284
193,"Drummoyne, Sydney",-33.8520678,151.153689,SSC11293
194,"Duffys Forest, Sydney",-33.6733265,151.1927796,SSC11301
195,"Dulwich Hill, Sydney",-33.9045849,151.1386091,SSC11303
196,"Dundas Valley, Sydney",-33.7936744,151.0559069,SSC11313
197,"Dundas, Sydney",-33.802949,151.0440587,SSC11312
198,"Dural, Sydney",-33.6876398,151.0267199,SSC11328
199,"Eagle Vale, Sydney",-34.0377778,150.8111111,SSC11341
200,"Earlwood, Sydney",-33.9247222,151.1313889,SSC11343
201,"East Hills, Sydney",-33.960853,150.9879189,SSC11351
202,"East Killara, Sydney",-33.7554823,151.1811998,SSC11355
203,"East Kurrajong, Sydney",-33.515,150.7677778,SSC11356
204,"East Lindfield, Sydney",-33.7681132,151.1883362,SSC11357
205,"East Ryde, Sydney",-33.8097017,151.1353884,SSC11361
206,"Eastern Creek, Sydney",-33.6750568,150.8533885,SSC11366
207,"Eastgardens, Sydney",-33.9447657,151.2250921,SSC11367
208,"Eastlakes, Sydney",-33.9310733,151.2113667,SSC11368
209,"Eastwood, Sydney",-33.79,151.0844444,SSC11369
210,"Ebenezer, Sydney",-33.5166293,150.8874434,SSC11371
211,"Edensor Park, Sydney",-33.8802849,150.8762602,SSC11377
212,"Edgecliff, Sydney",-33.8797692,151.2361116,SSC11379
213,"Edmondson Park, Sydney",-33.9628336,150.8563294,SSC11383
214,"Elanora Heights, Sydney",-33.6994613,151.2750587,SSC11389
215,"Elderslie, Sydney",-34.0590289,150.715403,SSC11391
216,"Elizabeth Bay, Sydney",-33.8716908,151.2282875,SSC11395
217,"Elizabeth Hills, Sydney",-33.9002288,150.8487942,SSC11397
218,"Ellis Lane, Sydney",-34.034956,150.6732584,SSC11405
219,"Elvina Bay, Sydney",-33.6377531,151.2802489,SSC11410
220,"Emerton, Sydney",-33.7477024,150.8043608,SSC11413
221,"Emu Heights, Sydney",-33.7372235,150.6511051,SSC11417
222,"Emu Plains, Sydney",-33.7483333,150.6677778,SSC11418
223,"Enfield, Sydney",-33.8900628,151.0959145,SSC11421
224,"Engadine, Sydney",-34.0650134,151.0138225,SSC11422
225,"Englorie Park, Sydney",-34.0806577,150.7950629,SSC11423
226,"Enmore, Sydney",-33.8996968,151.170986,SSC11425
227,"Epping, Sydney",-33.7718546,151.0745367,SSC11428
228,"Ermington, Sydney",-33.8101156,151.0600559,SSC11435
229,"Erskine Park, Sydney",-33.8086111,150.8013889,SSC11438
230,"Erskineville, Sydney",-33.9021718,151.1859881,SSC11439
231,"Eschol Park, Sydney",-34.0316667,150.8011111,SSC11441
232,"Eveleigh, Sydney",-33.895,151.1913889,SSC11471
233,"Fairfield East, Sydney",-33.8747423,150.9721298,SSC11478
234,"Fairfield Heights, Sydney",-33.8662814,150.9395106,SSC11479
235,"Fairfield West, Sydney",-33.8689308,150.9243383,SSC11480
236,"Fairfield, Sydney",-33.8728065,150.9523529,SSC11477
237,"Fairlight, Sydney",-33.7938789,151.2741471,SSC11482
238,"Fiddletown, Sydney",-33.5569323,151.0844279,SSC11513
239,"Five Dock, Sydney",-33.8690024,151.1290231,SSC11530
240,"Forest Glen, Sydney",-33.5483333,151.0177778,SSC11542
241,"Forest Lodge, Sydney",-33.8805556,151.1783333,SSC11546
242,"Forestville, Sydney",-33.7620891,151.2150889,SSC11548
243,"Freemans Reach, Sydney",-33.5632311,150.8024693,SSC11564
244,"Frenchs Forest, Sydney",-33.7479954,151.2292718,SSC11568
245,"Freshwater, Sydney",-33.7750987,151.2844815,SSC11569
246,"Galston, Sydney",-33.6467002,151.0642498,SSC11582
247,"Georges Hall, Sydney",-33.9101113,150.9879924,SSC11601
248,"Gilead, Sydney",-34.115,150.7844444,SSC11617
249,"Girraween, Sydney",-33.7983305,150.9427707,SSC11636
250,"Gladesville, Sydney",-33.8275,151.1263889,SSC11638
251,"Glebe, Sydney",-33.8777782,151.1862377,SSC11641
252,"Gledswood Hills, Sydney",-34.0102826,150.78002,SSC11642
253,"Glen Alpine, Sydney",-34.09,150.7844444,SSC11645
254,"Glendenning, Sydney",-33.7483333,150.8511111,SSC11659
255,"Glenfield, Sydney",-33.9733455,150.8957217,SSC11664
256,"Glenhaven, Sydney",-33.7027383,151.0008049,SSC11667
257,"Glenmore Park, Sydney",-33.7887972,150.669496,SSC11670
258,"Glenorie, Sydney",-33.5658885,150.9927835,SSC11673
259,"Glenwood, Sydney",-33.7331483,150.928232,SSC11682
260,"Glossodia, Sydney",-33.5334431,150.7853962,SSC11684
261,"Gordon, Sydney",-33.7553899,151.1518099,SSC11718
262,"Granville, Sydney",-33.8345097,151.0060111,SSC11738
263,"Grasmere, Sydney",-34.0579584,150.6707384,SSC11739
264,"Grays Point, Sydney",-34.0591451,151.0786995,SSC11743
265,"Great Mackerel Beach, Sydney",-33.591505,151.2988852,SSC11744
266,"Green Valley, Sydney",-33.9024601,150.8674187,SSC11756
267,"Greenacre, Sydney",-33.9022902,151.058546,SSC11757
268,"Greendale, Sydney",-33.9150012,150.6677734,SSC11759
269,"Greenfield Park, Sydney",-33.8752778,150.8919444,SSC11761
270,"Greenhills Beach, Sydney",-34.0360657,151.1632914,SSC11764
271,"Greenwich, Sydney",-33.8300104,151.1855621,SSC11770
272,"Gregory Hills, Sydney",-34.0276672,150.7761923,SSC11774
273,"Greystanes, Sydney",-33.8262187,150.9414378,SSC11781
274,"Grose Vale, Sydney",-33.5764147,150.6552959,SSC11785
275,"Grose Wold, Sydney",-33.6030113,150.6745178,SSC11786
276,"Guildford West, Sydney",-33.8483084,150.9657421,SSC11791
277,"Guildford, Sydney",-33.8561049,150.9939232,SSC11790
278,"Gymea Bay, Sydney",-34.0522918,151.0970783,SSC11827
279,"Gymea, Sydney",-34.0341447,151.085653,SSC11826
280,"Haberfield, Sydney",-33.8794325,151.1391605,SSC11828
281,"Hammondville, Sydney",-33.9511518,150.9608619,SSC11844
282,"Harrington Park, Sydney",-34.0247325,150.7422344,SSC11859
283,"Harris Park, Sydney",-33.8224029,151.0117558,SSC11860
284,"Hassall Grove, Sydney",-33.7316667,150.8344444,SSC11866
285,"Haymarket, Sydney",-33.8814408,151.2044524,SSC11877
286,"Heathcote, Sydney",-34.0848266,151.007392,SSC11883
287,"Hebersham, Sydney",-33.7455739,150.8253839,SSC11886
288,"Heckenberg, Sydney",-33.9077778,150.8913889,SSC11887
289,"Henley, Sydney",-33.8423815,151.1360364,SSC11891
290,"Hillsdale, Sydney",-33.9529465,151.2274123,SSC11911
291,"Hinchinbrook, Sydney",-33.9159661,150.8645957,SSC11915
292,"Hobartville, Sydney",-33.604718,150.7436152,SSC11917
293,"Holroyd, Sydney",-33.8297155,150.9974898,SSC11925
294,"Holsworthy, Sydney",-33.9597307,150.9502719,SSC11926
295,"Homebush West, Sydney",-33.8619802,151.0665026,SSC11930
296,"Homebush, Sydney",-33.860451,151.0806118,SSC11929
297,"Horningsea Park, Sydney",-33.9460804,150.8432271,SSC11935
298,"Hornsby Heights, Sydney",-33.6589881,151.098374,SSC11937
299,"Hornsby, Sydney",-33.6980331,151.0957334,SSC11936
300,"Horsley Park, Sydney",-33.8387723,150.8484629,SSC11943
301,"Hoxton Park, Sydney",-33.9294022,150.8560164,SSC11951
302,"Hunters Hill, Sydney",-33.8336171,151.1449446,SSC11954
303,"Huntingwood, Sydney",-33.797973,150.881592,SSC11957
304,"Huntleys Cove, Sydney",-33.8383333,151.1375,SSC11960
305,"Huntleys Point, Sydney",-33.8422131,151.1419664,SSC11961
306,"Hurlstone Park, Sydney",-33.91,151.1286111,SSC11963
307,"Hurstville Grove, Sydney",-33.9775526,151.0929579,SSC11965
308,"Hurstville, Sydney",-33.960707,151.1003611,SSC11964
309,"Illawong, Sydney",-33.9973348,151.0429726,SSC11974
310,"Ingleburn, Sydney",-33.9983333,150.8511111,SSC11978
311,"Ingleside, Sydney",-33.6882558,151.2525009,SSC11979
312,"Jamisontown, Sydney",-33.7679769,150.674815,SSC12000
313,"Jannali, Sydney",-34.0163159,151.0658096,SSC12001
314,"Jordan Springs, Sydney",-33.7250215,150.7271271,SSC12042
315,"Kangaroo Point, Sydney",-34.002073,151.0967132,SSC12060
316,"Kareela, Sydney",-34.0157553,151.0812662,SSC12073
317,"Kearns, Sydney",-34.0233333,150.8011111,SSC12079
318,"Kellyville Ridge, Sydney",-33.7025,150.9186111,SSC12089
319,"Kellyville, Sydney",-33.7158272,150.954993,SSC12088
320,"Kemps Creek, Sydney",-33.8721433,150.7938975,SSC12094
321,"Kensington, Sydney",-33.9117191,151.2195058,SSC12099
322,"Kenthurst, Sydney",-33.6436678,150.9761716,SSC12100
323,"Kentlyn, Sydney",-34.0591667,150.8697222,SSC12101
324,"Killara, Sydney",-33.7660606,151.1601121,SSC12129
325,"Killarney Heights, Sydney",-33.7724836,151.221976,SSC12130
326,"Kings Langley, Sydney",-33.7505506,150.9372174,SSC12149
327,"Kings Park, Sydney",-33.7433333,150.9086111,SSC12150
328,"Kingsford, Sydney",-33.9215922,151.2272307,SSC12156
329,"Kingsgrove, Sydney",-33.9371844,151.0996523,SSC12158
330,"Kingswood, Sydney",-33.7613772,150.7213283,SSC12163
331,"Kirkham, Sydney",-34.0351341,150.711839,SSC12171
332,"Kirrawee, Sydney",-34.0344781,151.0726428,SSC12172
333,"Kirribilli, Sydney",-33.8476659,151.2158138,SSC12173
334,"Kogarah Bay, Sydney",-33.9816792,151.1239702,SSC12182
335,"Kogarah, Sydney",-33.968226,151.1354509,SSC12181
336,"Kurmond, Sydney",-33.5483333,150.701111,SSC12215
337,"Kurnell, Sydney",-34.0222379,151.1880555,SSC12216
338,"Kurraba Point, Sydney",-33.8415873,151.223028,SSC12217
339,"Kurrajong Hills, Sydney",-33.5420672,150.6483995,SSC12220
340,"Kurrajong, Sydney",-33.5532572,150.6677058,SSC12218
341,"Kyeemagh, Sydney",-33.9492195,151.1607373,SSC12226
342,"Kyle Bay, Sydney",-33.9897577,151.0992166,SSC12227
343,"La Perouse, Sydney",-33.9887589,151.2318011,SSC12230
344,"Lakemba, Sydney",-33.9196311,151.0749236,SSC12257
345,"Lalor Park, Sydney",-33.7649937,150.9288833,SSC12261
346,"Lane Cove North, Sydney",-33.8059265,151.1617117,SSC12267
347,"Lane Cove West, Sydney",-33.8119396,151.150078,SSC12268
348,"Lane Cove, Sydney",-33.8160672,151.1678195,SSC12266
349,"Lansdowne, Sydney",-33.8948687,150.9740821,SSC12272
350,"Lansvale, Sydney",-33.9003985,150.9510782,SSC12275
351,"Laughtondale, Sydney",-33.4224715,151.0267219,SSC12281
352,"Lavender Bay, Sydney",-33.8432002,151.2074155,SSC12285
353,"Leets Vale, Sydney",-33.4316667,150.9511111,SSC12294
354,"Leichhardt, Sydney",-33.8819328,151.155867,SSC12297
355,"Len Waters Estate, Sydney",-33.9146,150.8532,SSC12301
356,"Leonay, Sydney",-33.7650058,150.6511051,SSC12304
357,"Leppington, Sydney",-33.9543857,150.80806378606871,SSC12305
358,"Lethbridge Park, Sydney",-33.7386041,150.8014499,SSC12307
359,"Leumeah, Sydney",-34.0543113,150.8371354,SSC12308
360,"Lewisham, Sydney",-33.8953868,151.1466449,SSC12313
361,"Liberty Grove, Sydney",-33.8413889,151.0838889,SSC12315
362,"Lidcombe, Sydney",-33.8630649,151.0456771,SSC12316
363,"Lilli Pilli, Sydney",-34.0680729,151.1159938,SSC12322
364,"Lilyfield, Sydney",-33.8709879,151.1616185,SSC12325
365,"Lindfield, Sydney",-33.7802907,151.1595848,SSC12339
366,"Linley Point, Sydney",-33.8272222,151.15,SSC12341
367,"Little Bay, Sydney",-33.9834309,151.2470329,SSC12349
368,"Liverpool, Sydney",-33.9198252,150.92566,SSC12361
369,"Llandilo, Sydney",-33.715,150.7511111,SSC12363
370,"Loftus, Sydney",-34.0434357,151.0504559,SSC12371
371,"Londonderry, Sydney",-33.6483333,150.7344444,SSC12375
372,"Long Point, Sydney",-34.0156584,150.8983181,SSC12381
373,"Longueville, Sydney",-33.8291667,151.1686111,SSC12385
374,"Lovett Bay, Sydney",-33.6325997,151.2763618,SSC12397
375,"Lower Portland, Sydney",-33.8354519,151.2083011,SSC12412
376,"Lucas Heights, Sydney",-34.0400221,150.9986588,SSC12417
377,"Luddenham, Sydney",-33.8779831,150.6901151,SSC12419
378,"Lugarno, Sydney",-33.9823958,151.0450193,SSC12421
379,"Lurnea, Sydney",-33.9358333,150.8972222,SSC12422
380,"Macquarie Fields, Sydney",-33.9904477,150.8849303,SSC12433
381,"Macquarie Links, Sydney",-33.9816667,150.8733333,SSC12435
382,"Macquarie Park, Sydney",-33.7814961,151.1256747,SSC12437
383,"Malabar, Sydney",-33.9629779,151.2480171,SSC12453
384,"Manly Vale, Sydney",-33.7830838,151.2659938,SSC12476
385,"Manly, Sydney",-33.8038504,151.2908235,SSC12475
386,"Maraylya, Sydney",-33.5913984,150.9221281,SSC12484
387,"Marayong, Sydney",-33.7491667,150.8919444,SSC12485
388,"Maroota, Sydney",-33.4577956,150.9829191,SSC12500
389,"Maroubra, Sydney",-33.9453441,151.2456824,SSC12501
390,"Marrickville, Sydney",-33.9103854,151.1556908,SSC12504
391,"Marsden Park, Sydney",-33.6956552,150.8147975,SSC12505
392,"Marsfield, Sydney",-33.7777956,151.1032015,SSC12506
393,"Mascot, Sydney",-33.9289562,151.1951782,SSC12519
394,"Matraville, Sydney",-33.9639325,151.2334198,SSC12524
395,"Mays Hill, Sydney",-33.8205758,150.9884915,SSC12538
396,"McGraths Hill, Sydney",-33.615,150.8344444,SSC12542
397,"McMahons Point, Sydney",-33.8443387,151.2027957,SSC12547
398,"Meadowbank, Sydney",-33.8174993,151.0884249,SSC12550
399,"Melrose Park, Sydney",-33.8153435,151.0733298,SSC12563
400,"Menai, Sydney",-34.014811,151.0164823,SSC12567
401,"Menangle Park, Sydney",-34.1034092,150.7468493,SSC12569
402,"Merrylands West, Sydney",-33.8359501,150.9681261,SSC12589
403,"Merrylands, Sydney",-33.8350765,150.9860379,SSC12588
404,"Middle Cove, Sydney",-33.7927992,151.2112471,SSC12602
405,"Middle Dural, Sydney",-33.6367412,151.0127369,SSC12603
406,"Middleton Grange, Sydney",-33.9147154,150.8423882,SSC12607
407,"Miller, Sydney",-33.9205556,150.8805556,SSC12617
408,"Millers Point, Sydney",-33.8599129,151.2041274,SSC12619
409,"Milperra, Sydney",-33.9388237,150.9846424,SSC12625
410,"Milsons Passage, Sydney",-33.5157613,151.1768241,SSC12628
411,"Milsons Point, Sydney",-33.8471255,151.2115234,SSC12629
412,"Minchinbury, Sydney",-33.7866731,150.8272222,SSC12633
413,"Minto Heights, Sydney",-34.0379407,150.8715274,SSC12643
414,"Minto, Sydney",-34.0316667,150.8511111,SSC12642
415,"Miranda, Sydney",-34.0335434,151.1037193,SSC12645
416,"Mona Vale, Sydney",-33.6769931,151.3029577,SSC12672
417,"Monterey, Sydney",-33.9720137,151.1480392,SSC12686
418,"Moore Park, Sydney",-33.8958333,151.2219444,SSC12711
419,"Moorebank, Sydney",-33.9332633,150.949686,SSC12712
420,"Morning Bay, Sydney",-33.628361,151.2879035,SSC12725
421,"Mortdale, Sydney",-33.9672997,151.0721865,SSC12728
422,"Mortlake, Sydney",-33.8410416,151.1061114,SSC12729
423,"Mosman, Sydney",-33.8301355,151.2447663,SSC12738
424,"Mount Annan, Sydney",-34.0782799,150.7632296,SSC12745
425,"Mount Colah, Sydney",-33.6719686,151.1145291,SSC12750
426,"Mount Druitt, Sydney",-33.7705556,150.8205556,SSC12756
427,"Mount Kuring-Gai, Sydney",-33.6530641,151.1368864,SSC12772
428,"Mount Lewis, Sydney",-33.9156089,151.0499433,SSC12774
429,"Mount Pritchard, Sydney",-33.9027189,150.9031488,SSC12785
430,"Mount Vernon, Sydney",-33.8566667,150.8094444,SSC12796
431,"Mulgoa, Sydney",-33.8371562,150.6504013,SSC12814
432,"Mulgrave, Sydney",-33.627219,150.8316603,SSC12815
433,"Narellan Vale, Sydney",-34.0524175,150.7446725,SSC12897
434,"Naremburn, Sydney",-33.8171309,151.2020304,SSC12898
435,"Narrabeen, Sydney",-33.7135699,151.2978164,SSC12902
436,"Narraweena, Sydney",-33.7502066,151.2741566,SSC12910
437,"Narwee, Sydney",-33.9455556,151.0694444,SSC12912
438,"Nelson, Sydney",-33.6478291,150.9213361,SSC12922
439,"Neutral Bay, Sydney",-33.8342887,151.2182049,SSC12934
440,"Newington, Sydney",-33.8342301,151.0558716,SSC12953
441,"Newport, Sydney",-33.6591061,151.3164331,SSC12956
442,"Newtown, Sydney",-33.8961132,151.1801893,SSC12960
443,"Normanhurst, Sydney",-33.7238649,151.0977351,SSC12976
444,"North Balgowlah, Sydney",-33.7881457,151.2507285,SSC12981
445,"North Bondi, Sydney",-33.882351,151.2768611,SSC12984
446,"North Curl Curl, Sydney",-33.7630002,151.2904773,SSC12988
447,"North Epping, Sydney",-33.7586111,151.0941667,SSC12990
448,"North Manly, Sydney",-33.7729035,151.2707221,SSC12997
449,"North Narrabeen, Sydney",-33.70098,151.2936426,SSC12999
450,"North Parramatta, Sydney",-33.7952747,151.0116649,SSC13001
451,"North Richmond, Sydney",-33.5750113,150.7056842,SSC13002
452,"North Rocks, Sydney",-33.7713052,151.020996,SSC13003
453,"North Ryde, Sydney",-33.7975472,151.127306,SSC13005
454,"North St Marys, Sydney",-33.7544444,150.7858333,SSC13007
455,"North Strathfield, Sydney",-33.8588178,151.088578,SSC13009
456,"North Sydney, Sydney",-33.8354519,151.2083011,SSC13010
457,"North Turramurra, Sydney",-33.6911595,151.1519372,SSC13013
458,"North Wahroonga, Sydney",-33.7024148,151.1283034,SSC13015
459,"North Willoughby, Sydney",-33.7941912,151.2004163,SSC13016
460,"Northbridge, Sydney",-33.8111111,151.2175,SSC13022
461,"Northmead, Sydney",-33.7844423,150.9983289,SSC13023
462,"Northwood, Sydney",-33.827964,151.1782693,SSC13024
463,"Oakhurst, Sydney",-33.7372222,150.8347222,SSC13058
464,"Oakville, Sydney",-33.6256687,150.8722092,SSC13060
465,"Oatlands, Sydney",-33.7973385,151.0256526,SSC13063
466,"Oatley, Sydney",-33.9841882,151.0743856,SSC13064
467,"Old Guildford, Sydney",-33.8636111,150.9844444,SSC13077
468,"Old Toongabbie, Sydney",-33.7858548,150.9699533,SSC13081
469,"Oran Park, Sydney",-33.9948805,150.7402568,SSC13091
470,"Orchard Hills, Sydney",-33.7816667,150.7177778,SSC13095
471,"Oxford Falls, Sydney",-33.7335222,151.2449266,SSC13106
472,"Oxley Park, Sydney",-33.7705556,150.795,SSC13110
473,"Oyster Bay, Sydney",-34.0032775,151.0812354,SSC13112
474,"Paddington, Sydney",-33.8841572,151.2272766,SSC13115
475,"Padstow Heights, Sydney",-33.9704029,151.0330262,SSC13121
476,"Padstow, Sydney",-33.9487767,151.030116,SSC13120
477,"Pagewood, Sydney",-33.936838,151.2216943,SSC13125
478,"Palm Beach, Sydney",-33.6005473,151.3231536,SSC13132
479,"Panania, Sydney",-33.9532567,150.9968874,SSC13144
480,"Parklea, Sydney",-33.725,150.9161111,SSC13153
481,"Parramatta, Sydney",-33.8175113,151.0054009,SSC13156
482,"Peakhurst Heights, Sydney",-33.9768872,151.0544039,SSC13169
483,"Peakhurst, Sydney",-33.9616444,151.0590667,SSC13168
484,"Pemulwuy, Sydney",-33.8164641,150.9284441,SSC13181
485,"Pendle Hill, Sydney",-33.7983305,150.959439,SSC13182
486,"Pennant Hills, Sydney",-33.7384663,151.0716639,SSC13183
487,"Penrith, Sydney",-33.7510792,150.6941684,SSC13184
488,"Penshurst, Sydney",-33.9648292,151.0849525,SSC13186
489,"Petersham, Sydney",-33.8945061,151.1554222,SSC13190
490,"Phillip Bay, Sydney",-33.9787887,151.2327229,SSC13193
491,"Picnic Point, Sydney",-33.9709556,151.0072387,SSC13199
492,"Pitt Town Bottoms, Sydney",-33.5872298,150.8449827,SSC13227
493,"Pitt Town, Sydney",-33.5846533,150.8709805,SSC13226
494,"Pleasure Point, Sydney",-33.9725,150.9877778,SSC13229
495,"Plumpton, Sydney",-33.7566667,150.8427778,SSC13230
496,"Point Piper, Sydney",-33.8676276,151.2515727,SSC13233
497,"Port Botany, Sydney",-33.9734678,151.2178519,SSC13243
498,"Port Hacking, Sydney",-34.07353,151.12613,SSC13244
499,"Potts Hill, Sydney",-33.8922191,151.0329222,SSC13255
500,"Potts Point, Sydney",-33.8670797,151.2259967,SSC13256
501,"Prairiewood, Sydney",-33.8631743,150.9055074,SSC13258
502,"Prestons, Sydney",-33.9415149,150.8747464,SSC13260
503,"Prospect, Sydney",-33.8002421,150.9218377,SSC13266
504,"Punchbowl, Sydney",-33.928717,151.0522591,SSC13273
505,"Putney, Sydney",-33.826067,151.1064224,SSC13277
506,"Pymble, Sydney",-33.7450185,151.1424708,SSC13281
507,"Pyrmont, Sydney",-33.8692145,151.1923633,SSC13284
508,"Quakers Hill, Sydney",-33.7344444,150.8788889,SSC13286
509,"Queens Park, Sydney",-33.8991667,151.2472222,SSC13294
510,"Queenscliff, Sydney",-33.7823916,151.2854011,SSC13296
511,"Raby, Sydney",-34.0233333,150.8177778,SSC13303
512,"Ramsgate Beach, Sydney",-33.9824013,151.1461479,SSC13310
513,"Ramsgate, Sydney",-33.982713,151.1399314,SSC13309
514,"Randwick, Sydney",-33.914121,151.2410046,SSC13312
515,"Redfern, Sydney",-33.8931044,151.2040292,SSC13339
516,"Regents Park, Sydney",-33.8820048,151.02569,SSC13345
517,"Regentville, Sydney",-33.7708351,150.6616622,SSC13346
518,"Revesby Heights, Sydney",-33.9683842,151.0189891,SSC13356
519,"Revesby, Sydney",-33.9436876,151.0137191,SSC13355
520,"Rhodes, Sydney",-33.8290589,151.0873578,SSC13358
521,"Richmond Lowlands, Sydney",-33.5652,150.7596,SSC13362
522,"Richmond, Sydney",-33.6009721,150.7496405,SSC13360
523,"Riverstone, Sydney",-33.6797545,150.8616695,SSC13368
524,"Riverview, Sydney",-33.823207,151.1600134,SSC13370
525,"Riverwood, Sydney",-33.9472222,151.0530556,SSC13371
526,"Rockdale, Sydney",-33.9542619,151.1403655,SSC13379
527,"Rodd Point, Sydney",-33.8658359,151.143583,SSC13391
528,"Rookwood, Sydney",-33.8737017,151.0552971,SSC13394
529,"Rooty Hill, Sydney",-33.7688649,150.8411802,SSC13395
530,"Ropes Crossing, Sydney",-33.7291948,150.7788889,SSC13397
531,"Rose Bay, Sydney",-33.8741644,151.265471,SSC13398
532,"Rosebery, Sydney",-33.9185861,151.204692,SSC13405
533,"Rosehill, Sydney",-33.8263889,151.0305556,SSC13408
534,"Roselands, Sydney",-33.9339943,151.0765121,SSC13409
535,"Rosemeadow, Sydney",-34.1066667,150.7927778,SSC13410
536,"Roseville Chase, Sydney",-33.7747222,151.2002778,SSC13413
537,"Roseville, Sydney",-33.7826456,151.1827257,SSC13412
538,"Rossmore, Sydney",-33.9483365,150.7677747,SSC13420
539,"Rouse Hill, Sydney",-33.6774941,150.9160933,SSC13429
540,"Royal National Park, Sydney",-34.0504392,151.0525978,SSC13433
541,"Rozelle, Sydney",-33.8645002,151.1743543,SSC13435
542,"Ruse, Sydney",-34.0733174,150.8463325,SSC13443
543,"Rushcutters Bay, Sydney",-33.8750365,151.2276557,SSC13444
544,"Russell Lea, Sydney",-33.8585361,151.1416007,SSC13447
545,"Rydalmere, Sydney",-33.8117088,151.0411702,SSC13453
546,"Ryde, Sydney",-33.8125405,151.1115717,SSC13454
547,"Sackville North, Sydney",-33.4816597,150.8844376,SSC13459
548,"Sackville, Sydney",-33.4971446,150.8829012,SSC13458
549,"Sadleir, Sydney",-33.9169444,150.8902778,SSC13461
550,"Sandringham, Sydney",-33.9971236,151.1400138,SSC13478
551,"Sandy Point, Sydney",-33.975407,150.9939195,SSC13487
552,"Sans Souci, Sydney",-33.9926292,151.1337972,SSC13489
553,"Scheyville, Sydney",-33.6017926,150.8928527,SSC13501
554,"Schofields, Sydney",-33.6971603,150.8711915,SSC13502
555,"Scotland Island, Sydney",-33.6397464,151.2911746,SSC13505
556,"Seaforth, Sydney",-33.7910792,151.2430284,SSC13509
557,"Sefton, Sydney",-33.8873088,151.0106256,SSC13516
558,"Seven Hills, Sydney",-33.7760305,150.9427044,SSC13518
559,"Shalvey, Sydney",-33.7277778,150.8066667,SSC13523
560,"Shanes Park, Sydney",-33.7075,150.7916667,SSC13524
561,"Silverwater, Sydney",-33.834881,151.0471218,SSC13547
562,"Singletons Mill, Sydney",-33.4648101,151.0738545,SSC13552
563,"Smeaton Grange, Sydney",-34.0340877,150.7553777,SSC13558
564,"Smithfield, Sydney",-33.8478215,150.9408736,SSC13559
565,"South Coogee, Sydney",-33.9322056,151.2539567,SSC13579
566,"South Granville, Sydney",-33.8577778,151.0105556,SSC13583
567,"South Hurstville, Sydney",-33.9777213,151.1060554,SSC13587
568,"South Maroota, Sydney",-33.5127778,150.9522222,SSC13592
569,"South Penrith, Sydney",-33.772521,150.6982616,SSC13596
570,"South Turramurra, Sydney",-33.7510951,151.1084667,SSC13598
571,"South Wentworthville, Sydney",-33.82134,150.9687481,SSC13599
572,"South Windsor, Sydney",-33.6302778,150.8041667,SSC13601
573,"Spring Farm, Sydney",-34.0694444,150.7272284,SSC13612
574,"St Andrews, Sydney",-34.0208333,150.8305556,SSC13631
575,"St Clair, Sydney",-33.7983333,150.7844444,SSC13632
576,"St Helens Park, Sydney",-34.1066667,150.8094444,SSC13637
577,"St Ives Chase, Sydney",-33.7030556,151.1652778,SSC13640
578,"St Ives, Sydney",-33.7258869,151.1727212,SSC13639
579,"St Johns Park, Sydney",-33.8816667,150.9011111,SSC13641
580,"St Leonards, Sydney",-33.8225666,151.1923402,SSC13642
581,"St Marys, Sydney",-33.7650204,150.7677778,SSC13643
582,"St Peters, Sydney",-33.9159472,151.176332,SSC13644
583,"Stanhope Gardens, Sydney",-33.710284,150.9258277,SSC13649
584,"Stanmore, Sydney",-33.8936689,151.1656456,SSC13650
585,"Strathfield South, Sydney",-33.8966667,151.0788889,SSC13676
586,"Strathfield, Sydney",-33.8791285,151.0811758,SSC13675
587,"Summer Hill, Sydney",-33.8933952,151.1368729,SSC13687
588,"Surry Hills, Sydney",-33.8845123,151.2100301,SSC13699
589,"Sutherland, Sydney",-34.0312587,151.0567639,SSC13701
590,"Sydenham, Sydney",-33.9147428,151.1661069,SSC13714
591,"Sydney Olympic Park, Sydney",-33.8387132,151.06912116057384,SSC13716
592,"Sylvania Waters, Sydney",-34.0185844,151.11228,SSC13718
593,"Sylvania, Sydney",-34.0141205,151.0988161,SSC13717
594,"Tamarama, Sydney",-33.8987452,151.2710753,SSC13741
595,"Taren Point, Sydney",-34.0200181,151.1226751,SSC13766
596,"Telopea, Sydney",-33.7939218,151.0409442,SSC13782
597,"Tempe, Sydney",-33.9247552,151.1647529,SSC13785
598,"Tennyson Point, Sydney",-33.8313822,151.116944,SSC13790
599,"Tennyson, Sydney",-33.5316667,150.7344444,SSC13789
600,"Terrey Hills, Sydney",-33.6918185,151.2205908,SSC13804
601,"The Ponds, Sydney",-33.7066667,150.9091667,SSC13835
602,"The Rocks, Sydney",-33.859992,151.2083216,SSC13840
603,"The Slopes, Sydney",-33.5342749,150.7041667,SSC13842
604,"Thornleigh, Sydney",-33.7236616,151.0809407,SSC13850
605,"Toongabbie, Sydney",-33.7866894,150.9526498,SSC13907
606,"Tregear, Sydney",-33.7486957,150.7957569,SSC13934
607,"Turramurra, Sydney",-33.7354346,151.1300645,SSC13980
608,"Turrella, Sydney",-33.9302706,151.1409234,SSC13982
609,"Ultimo, Sydney",-33.8794728,151.1984346,SSC14006
610,"Varroville, Sydney",-34.0066667,150.8177778,SSC14070
611,"Vaucluse, Sydney",-33.8558564,151.2761018,SSC14071
612,"Villawood, Sydney",-33.8857243,150.9837511,SSC14074
613,"Vineyard, Sydney",-33.6483333,150.8677778,SSC14076
614,"Voyager Point, Sydney",-33.9586149,150.9738889,SSC14079
615,"Wahroonga, Sydney",-33.720367,151.1142463,SSC14085
616,"Waitara, Sydney",-33.7094453,151.1055581,SSC14086
617,"Wakeley, Sydney",-33.8736111,150.9086111,SSC14089
618,"Wallacia, Sydney",-33.8653337,150.6409771,SSC14101
619,"Wareemba, Sydney",-33.8575001,151.1319513,SSC14148
620,"Warrawee, Sydney",-33.7279732,151.1232279,SSC14165
621,"Warriewood, Sydney",-33.690306,151.2942716,SSC14173
622,"Warwick Farm, Sydney",-33.915,150.9344444,SSC14177
623,"Waterfall, Sydney",-34.1347694,150.9931332,SSC14182
624,"Waterloo, Sydney",-33.9002762,151.2073137,SSC14183
625,"Watsons Bay, Sydney",-33.8432736,151.2825736,SSC14187
626,"Wattle Grove, Sydney",-33.9564013,150.9405862,SSC14192
627,"Waverley, Sydney",-33.9019365,151.2558816,SSC14200
628,"Waverton, Sydney",-33.8383333,151.1986892,SSC14202
629,"Wedderburn, Sydney",-34.1483333,150.8177778,SSC14209
630,"Wentworth Point, Sydney",-33.8268958,151.0774351,SSC14227
631,"Wentworthville, Sydney",-33.8066667,150.9677778,SSC14228
632,"Werrington County, Sydney",-33.7469444,150.7486111,SSC14236
633,"Werrington Downs, Sydney",-33.7413889,150.7322222,SSC14237
634,"Werrington, Sydney",-33.758666,150.7579617,SSC14235
635,"West Hoxton, Sydney",-33.9316667,150.8344444,SSC14246
636,"West Pennant Hills, Sydney",-33.7478359,151.0350621,SSC14249
637,"West Pymble, Sydney",-33.7646844,151.1318993,SSC14250
638,"West Ryde, Sydney",-33.8094444,151.0858333,SSC14251
639,"Westleigh, Sydney",-33.715,151.0677778,SSC14260
640,"Westmead, Sydney",-33.8076498,150.9877265,SSC14261
641,"Wetherill Park, Sydney",-33.8483333,150.9011111,SSC14264
642,"Whalan, Sydney",-33.7566667,150.8094444,SSC14266
643,"Whale Beach, Sydney",-33.6096795,151.3309449,SSC14267
644,"Wheeler Heights, Sydney",-33.7286867,151.2806965,SSC14268
645,"Wilberforce, Sydney",-33.5566667,150.8344444,SSC14288
646,"Wiley Park, Sydney",-33.9230556,151.0677778,SSC14293
647,"Willmot, Sydney",-33.7247222,150.7938889,SSC14302
648,"Willoughby East, Sydney",-33.7991667,151.2061111,SSC14304
649,"Willoughby, Sydney",-33.8063889,151.2002778,SSC14303
650,"Windsor Downs, Sydney",-33.6566667,150.8094444,SSC14326
651,"Windsor, Sydney",-33.6055342,150.821953,SSC14325
652,"Winston Hills, Sydney",-33.7761098,150.9816606,SSC14335
653,"Wisemans Ferry, Sydney",-33.3852776,150.9868024,SSC14344
654,"Wolli Creek, Sydney",-33.9310296,151.1243159,SSC14353
655,"Wollstonecraft, Sydney",-33.8332039,151.1959273,SSC14359
656,"Woodbine, Sydney",-34.0468369,150.8242711,SSC14378
657,"Woodcroft, Sydney",-33.7586111,150.8783333,SSC14381
658,"Woodpark, Sydney",-33.8413833,150.9602776,SSC14390
659,"Woollahra, Sydney",-33.8857968,151.2440867,SSC14404
660,"Woolloomooloo, Sydney",-33.8718758,151.2192218,SSC14406
661,"Woolooware, Sydney",-34.0448411,151.1401717,SSC14410
662,"Woolwich, Sydney",-33.8401988,151.1710614,SSC14412
663,"Woronora Heights, Sydney",-34.034387,151.027167,SSC14422
664,"Woronora, Sydney",-34.1164957,150.9522795,SSC14420
665,"Yagoona, Sydney",-33.9037907,151.0176677,SSC14453
666,"Yarramundi, Sydney",-33.6318172,150.6679956,SSC14477
667,"Yarrawarrah, Sydney",-34.056681,151.0308884,SSC14485
668,"Yennora, Sydney",-33.8620079,150.9686096,SSC14506
669,"Yowie Bay, Sydney",-34.0502778,151.1033333,SSC14519
670,"Zetland, Sydney",-33.9076623,151.2082183,SSC14524
